地名,センター,燃やして処理するごみ,燃やさないで処理するごみ,衣類,資源物,有害ごみ,粗大ごみ（ふとん類含む）,家電４品目,直接持ち込みごみ,受け入れしないごみ, ,
奥上林地区（古屋以外）,（月・木コース）：クリーンセンターＡ,月 木 日5:12,水1:4 6 7 8 9 10 11 12 2 3; 水2:5 1,水2:4 6 7 8 9 10 11 12 2 3; 水3:5 1,金1:12; 火2:9; 木2:10 2; 金2:8 11 1 3; 火3:5 6 7; 水3:4,金1:12; 火2:9; 木2:10 2; 金2:8 11 1 3; 火3:5 6 7; 水3:4,,,,,,
奥上林地区（古屋）,（月・木コース）：クリーンセンターＡ,月1:5 6 8 9 10 11 12 1 2 3; 月2:4 7; 月3:5 6 8 9 10 11 12 1 2 3; 月4:4 7; 日5:12,,,,,,,,,,
中上林地区（大町）大杉以外,（月・木コース）：クリーンセンターＡ,月 木 日5:12,水3:4 6 7 8 9 10 11 12 2 3; 水4:5 1,水4:4 6 7 8 9 10 11 12 2 3; 水5:5 1,金1:12; 火2:9; 木2:10 2; 金2:8 11 1 3; 火3:5 6 7; 水3:4,金1:12; 火2:9; 木2:10 2; 金2:8 11 1 3; 火3:5 6 7; 水3:4,,,,,,
中上林地区（弓削）,（月・木コース）：クリーンセンターＡ,月 木 日5:12,水3:4 6 7 8 9 10 11 12 2 3; 水4:5 1,水4:4 6 7 8 9 10 11 12 2 3; 水5:5 1,金1:12; 火2:9; 木2:10 2; 金2:8 11 1 3; 火3:5 6 7; 水3:4,金1:12; 火2:9; 木2:10 2; 金2:8 11 1 3; 火3:5 6 7; 水3:4,,,,,,
中上林地区（第一区）,（月・木コース）：クリーンセンターＡ,月 木 日5:12,水3:4 6 7 8 9 10 11 12 2 3; 水4:5 1,水4:4 6 7 8 9 10 11 12 2 3; 水5:5 1,火2:11 12; 木2:9; 金2:10 2; 火3:3; 水3:6 7; 木3:4 8 1; 水4:5,火2:11 12; 木2:9; 金2:10 2; 火3:3; 水3:6 7; 木3:4 8 1; 水4:5,,,,,,
中上林地区（石橋）,（月・木コース）：クリーンセンターＡ,月 木 日5:12,水3:4 6 7 8 9 10 11 12 2 3; 水4:5 1,水4:4 6 7 8 9 10 11 12 2 3; 水5:5 1,火2:11 12; 木2:9; 金2:10 2; 火3:3; 水3:6 7; 木3:4 8 1; 水4:5,火2:11 12; 木2:9; 金2:10 2; 火3:3; 水3:6 7; 木3:4 8 1; 水4:5,,,,,,
中上林地区（馬場）,（月・木コース）：クリーンセンターＡ,月 木 日5:12,水3:4 6 7 8 9 10 11 12 2 3; 水4:5 1,水4:4 6 7 8 9 10 11 12 2 3; 水5:5 1,火2:11 12; 木2:9; 金2:10 2; 火3:3; 水3:6 7; 木3:4 8 1; 水4:5,火2:11 12; 木2:9; 金2:10 2; 火3:3; 水3:6 7; 木3:4 8 1; 水4:5,,,,,,
中上林地区（山田）,（月・木コース）：クリーンセンターＡ,月 木 日5:12,水3:4 6 7 8 9 10 11 12 2 3; 水4:5 1,水4:4 6 7 8 9 10 11 12 2 3; 水5:5 1,火2:11 12; 木2:9; 金2:10 2; 火3:3; 水3:6 7; 木3:4 8 1; 水4:5,火2:11 12; 木2:9; 金2:10 2; 火3:3; 水3:6 7; 木3:4 8 1; 水4:5,,,,,,
中上林地区（竹原）,（月・木コース）：クリーンセンターＡ,月 木 日5:12,水3:4 6 7 8 9 10 11 12 2 3; 水4:5 1,水4:4 6 7 8 9 10 11 12 2 3; 水5:5 1,火2:11 12; 木2:9; 金2:10 2; 火3:3; 水3:6 7; 木3:4 8 1; 水4:5,火2:11 12; 木2:9; 金2:10 2; 火3:3; 水3:6 7; 木3:4 8 1; 水4:5,,,,,,
中上林地区（瀬尾谷）,（月・木コース）：クリーンセンターＡ,月 木 日5:12,水3:4 6 7 8 9 10 11 12 2 3; 水4:5 1,水4:4 6 7 8 9 10 11 12 2 3; 水5:5 1,火2:11 12; 木2:9; 金2:10 2; 火3:3; 水3:6 7; 木3:4 8 1; 水4:5,火2:11 12; 木2:9; 金2:10 2; 火3:3; 水3:6 7; 木3:4 8 1; 水4:5,,,,,,
中上林地区（片山）,（月・木コース）：クリーンセンターＡ,月 木 日5:12,水3:4 6 7 8 9 10 11 12 2 3; 水4:5 1,水4:4 6 7 8 9 10 11 12 2 3; 水5:5 1,火2:11 12; 木2:9; 金2:10 2; 火3:3; 水3:6 7; 木3:4 8 1; 水4:5,火2:11 12; 木2:9; 金2:10 2; 火3:3; 水3:6 7; 木3:4 8 1; 水4:5,,,,,,
中上林地区（大町）大杉,（月・木コース）：クリーンセンターＡ,月 木 日5:12,水3:4 6 7 8 9 10 11 12 2 3; 水4:5 1,水4:4 6 7 8 9 10 11 12 2 3; 水5:5 1,火2:11 12; 木2:9; 金2:10 2; 火3:3; 水3:6 7; 木3:4 8 1; 水4:5,火2:11 12; 木2:9; 金2:10 2; 火3:3; 水3:6 7; 木3:4 8 1; 水4:5,,,,,,
中上林地区（遊里）,（月・木コース）：クリーンセンターＡ,月 木 日5:12,水3:4 6 7 8 9 10 11 12 2 3; 水4:5 1,水4:4 6 7 8 9 10 11 12 2 3; 水5:5 1,火2:11 12; 木2:9; 金2:10 2; 火3:3; 水3:6 7; 木3:4 8 1; 水4:5,火2:11 12; 木2:9; 金2:10 2; 火3:3; 水3:6 7; 木3:4 8 1; 水4:5,,,,,,
中上林地区（清水）,（月・木コース）：クリーンセンターＡ,月 木 日5:12,水3:4 6 7 8 9 10 11 12 2 3; 水4:5 1,水4:4 6 7 8 9 10 11 12 2 3; 水5:5 1,火2:11 12; 木2:9; 金2:10 2; 火3:3; 水3:6 7; 木3:4 8 1; 水4:5,火2:11 12; 木2:9; 金2:10 2; 火3:3; 水3:6 7; 木3:4 8 1; 水4:5,,,,,,
中上林地区（睦志）,（月・木コース）：クリーンセンターＡ,月 木 日5:12,水3:4 6 7 8 9 10 11 12 2 3; 水4:5 1,水4:4 6 7 8 9 10 11 12 2 3; 水5:5 1,火2:11 12; 木2:9; 金2:10 2; 火3:3; 水3:6 7; 木3:4 8 1; 水4:5,火2:11 12; 木2:9; 金2:10 2; 火3:3; 水3:6 7; 木3:4 8 1; 水4:5,,,,,,
中上林地区（辻）,（月・木コース）：クリーンセンターＡ,月 木 日5:12,水3:4 6 7 8 9 10 11 12 2 3; 水4:5 1,水4:4 6 7 8 9 10 11 12 2 3; 水5:5 1,火2:11 12; 木2:9; 金2:10 2; 火3:3; 水3:6 7; 木3:4 8 1; 水4:5,火2:11 12; 木2:9; 金2:10 2; 火3:3; 水3:6 7; 木3:4 8 1; 水4:5,,,,,,
中上林地区（水梨）,（月・木コース）：クリーンセンターＡ,月 木 日5:12,水3:4 6 7 8 9 10 11 12 2 3; 水4:5 1,水4:4 6 7 8 9 10 11 12 2 3; 水5:5 1,火2:11 12; 木2:9; 金2:10 2; 火3:3; 水3:6 7; 木3:4 8 1; 水4:5,火2:11 12; 木2:9; 金2:10 2; 火3:3; 水3:6 7; 木3:4 8 1; 水4:5,,,,,,
中上林地区（市野瀬）,（月・木コース）：クリーンセンターＡ,月 木 日5:12,水3:4 6 7 8 9 10 11 12 2 3; 水4:5 1,水4:4 6 7 8 9 10 11 12 2 3; 水5:5 1,火2:11 12; 木2:9; 金2:10 2; 火3:3; 水3:6 7; 木3:4 8 1; 水4:5,火2:11 12; 木2:9; 金2:10 2; 火3:3; 水3:6 7; 木3:4 8 1; 水4:5,,,,,,
中上林地区（市志）,（月・木コース）：クリーンセンターＡ,月 木 日5:12,水3:4 6 7 8 9 10 11 12 2 3; 水4:5 1,水4:4 6 7 8 9 10 11 12 2 3; 水5:5 1,火2:11 12; 木2:9; 金2:10 2; 火3:3; 水3:6 7; 木3:4 8 1; 水4:5,火2:11 12; 木2:9; 金2:10 2; 火3:3; 水3:6 7; 木3:4 8 1; 水4:5,,,,,,
中上林地区（浅原）,（月・木コース）：クリーンセンターＡ,月 木 日5:12,水3:4 6 7 8 9 10 11 12 2 3; 水4:5 1,水4:4 6 7 8 9 10 11 12 2 3; 水5:5 1,木2:11 12; 金2:9; 火3:2; 水3:10 3; 木3:6 7; 金3:4 8 1; 木4:5,木2:11 12; 金2:9; 火3:2; 水3:10 3; 木3:6 7; 金3:4 8 1; 木4:5,,,,,,
中上林地区（真野）,（月・木コース）：クリーンセンターＡ,月 木 日5:12,水3:4 6 7 8 9 10 11 12 2 3; 水4:5 1,水4:4 6 7 8 9 10 11 12 2 3; 水5:5 1,木2:11 12; 金2:9; 火3:2; 水3:10 3; 木3:6 7; 金3:4 8 1; 木4:5,木2:11 12; 金2:9; 火3:2; 水3:10 3; 木3:6 7; 金3:4 8 1; 木4:5,,,,,,
中上林地区（小田）,（月・木コース）：クリーンセンターＡ,月 木 日5:12,水3:4 6 7 8 9 10 11 12 2 3; 水4:5 1,水4:4 6 7 8 9 10 11 12 2 3; 水5:5 1,木2:11 12; 金2:9; 火3:2; 水3:10 3; 木3:6 7; 金3:4 8 1; 木4:5,木2:11 12; 金2:9; 火3:2; 水3:10 3; 木3:6 7; 金3:4 8 1; 木4:5,,,,,,
中上林地区（引地）,（月・木コース）：クリーンセンターＡ,月 木 日5:12,水3:4 6 7 8 9 10 11 12 2 3; 水4:5 1,水4:4 6 7 8 9 10 11 12 2 3; 水5:5 1,木2:11 12; 金2:9; 火3:2; 水3:10 3; 木3:6 7; 金3:4 8 1; 木4:5,木2:11 12; 金2:9; 火3:2; 水3:10 3; 木3:6 7; 金3:4 8 1; 木4:5,,,,,,
中上林地区（西屋）,（月・木コース）：クリーンセンターＡ,月 木 日5:12,水3:4 6 7 8 9 10 11 12 2 3; 水4:5 1,水4:4 6 7 8 9 10 11 12 2 3; 水5:5 1,木2:11 12; 金2:9; 火3:2; 水3:10 3; 木3:6 7; 金3:4 8 1; 木4:5,木2:11 12; 金2:9; 火3:2; 水3:10 3; 木3:6 7; 金3:4 8 1; 木4:5,,,,,,
中上林地区（神谷）,（月・木コース）：クリーンセンターＡ,月 木 日5:12,水3:4 6 7 8 9 10 11 12 2 3; 水4:5 1,水4:4 6 7 8 9 10 11 12 2 3; 水5:5 1,木2:11 12; 金2:9; 火3:2; 水3:10 3; 木3:6 7; 金3:4 8 1; 木4:5,木2:11 12; 金2:9; 火3:2; 水3:10 3; 木3:6 7; 金3:4 8 1; 木4:5,,,,,,
中上林地区（寺町）,（月・木コース）：クリーンセンターＡ,月 木 日5:12,水3:4 6 7 8 9 10 11 12 2 3; 水4:5 1,水4:4 6 7 8 9 10 11 12 2 3; 水5:5 1,木2:11 12; 金2:9; 火3:2; 水3:10 3; 木3:6 7; 金3:4 8 1; 木4:5,木2:11 12; 金2:9; 火3:2; 水3:10 3; 木3:6 7; 金3:4 8 1; 木4:5,,,,,,
中上林地区（日置谷）,（月・木コース）：クリーンセンターＡ,月 木 日5:12,水3:4 6 7 8 9 10 11 12 2 3; 水4:5 1,水4:4 6 7 8 9 10 11 12 2 3; 水5:5 1,木2:11 12; 金2:9; 火3:2; 水3:10 3; 木3:6 7; 金3:4 8 1; 木4:5,木2:11 12; 金2:9; 火3:2; 水3:10 3; 木3:6 7; 金3:4 8 1; 木4:5,,,,,,
中上林地区（殿）,（月・木コース）：クリーンセンターＡ,月 木 日5:12,水3:4 6 7 8 9 10 11 12 2 3; 水4:5 1,水4:4 6 7 8 9 10 11 12 2 3; 水5:5 1,木2:11 12; 金2:9; 火3:2; 水3:10 3; 木3:6 7; 金3:4 8 1; 木4:5,木2:11 12; 金2:9; 火3:2; 水3:10 3; 木3:6 7; 金3:4 8 1; 木4:5,,,,,,
口上林地区,（月・木コース）：クリーンセンターＡ,月 木 日5:12,水3:4 6 7 8 9 10 11 12 2 3; 水4:5 1,水4:4 6 7 8 9 10 11 12 2 3; 水5:5 1,金2:12; 火3:8 9 1; 水3:2; 木3:10; 金3:6 7 11; 火4:4 3; 金4:5,金2:12; 火3:8 9 1; 水3:2; 木3:10; 金3:6 7 11; 火4:4 3; 金4:5,,,,,,
山家地区（旭町）,（月・木コース）：クリーンセンターＡ,月 木 日5:12,水1:4 6 7 8 9 10 11 12 2 3; 水2:5 1,水2:4 6 7 8 9 10 11 12 2 3; 水3:5 1,火2:11 12; 木2:9; 金2:10 2; 火3:3; 水3:6 7; 木3:4 8 1; 水4:5,火2:11 12; 木2:9; 金2:10 2; 火3:3; 水3:6 7; 木3:4 8 1; 水4:5,,,,,,
山家地区（東山町）,（月・木コース）：クリーンセンターＡ,月 木 日5:12,水1:4 6 7 8 9 10 11 12 2 3; 水2:5 1,水2:4 6 7 8 9 10 11 12 2 3; 水3:5 1,木2:11 12; 金2:9; 火3:2; 水3:10 3; 木3:6 7; 金3:4 8 1; 木4:5,木2:11 12; 金2:9; 火3:2; 水3:10 3; 木3:6 7; 金3:4 8 1; 木4:5,,,,,,
山家地区（鷹栖町）奈留,（月・木コース）：クリーンセンターＡ,月 木 日5:12,水1:4 6 7 8 9 10 11 12 2 3; 水2:5 1,水2:4 6 7 8 9 10 11 12 2 3; 水3:5 1,木2:11 12; 金2:9; 火3:2; 水3:10 3; 木3:6 7; 金3:4 8 1; 木4:5,木2:11 12; 金2:9; 火3:2; 水3:10 3; 木3:6 7; 金3:4 8 1; 木4:5,,,,,,
山家地区（鷹栖町）長瀬,（月・木コース）：クリーンセンターＡ,月 木 日5:12,水1:4 6 7 8 9 10 11 12 2 3; 水2:5 1,水2:4 6 7 8 9 10 11 12 2 3; 水3:5 1,金2:12; 火3:8 9 1; 水3:2; 木3:10; 金3:6 7 11; 火4:4 3; 金4:5,金2:12; 火3:8 9 1; 水3:2; 木3:10; 金3:6 7 11; 火4:4 3; 金4:5,,,,,,
山家地区（鷹栖町）奈留・長瀬以外,（月・木コース）：クリーンセンターＡ,月 木 日5:12,水1:4 6 7 8 9 10 11 12 2 3; 水2:5 1,水2:4 6 7 8 9 10 11 12 2 3; 水3:5 1,火3:11 12; 水3:8 9; 木3:2; 金3:10; 火4:5 6 7; 水4:1; 木4:4 3,火3:11 12; 水3:8 9; 木3:2; 金3:10; 火4:5 6 7; 水4:1; 木4:4 3,,,,,,
山家地区（西原町）,（月・木コース）：クリーンセンターＡ,月 木 日5:12,水1:4 6 7 8 9 10 11 12 2 3; 水2:5 1,水2:4 6 7 8 9 10 11 12 2 3; 水3:5 1,金2:12; 火3:8 9 1; 水3:2; 木3:10; 金3:6 7 11; 火4:4 3; 金4:5,金2:12; 火3:8 9 1; 水3:2; 木3:10; 金3:6 7 11; 火4:4 3; 金4:5,,,,,,
山家地区（戸奈瀬町）,（月・木コース）：クリーンセンターＡ,月 木 日5:12,水1:4 6 7 8 9 10 11 12 2 3; 水2:5 1,水2:4 6 7 8 9 10 11 12 2 3; 水3:5 1,火3:11 12; 水3:8 9; 木3:2; 金3:10; 火4:5 6 7; 水4:1; 木4:4 3,火3:11 12; 水3:8 9; 木3:2; 金3:10; 火4:5 6 7; 水4:1; 木4:4 3,,,,,,
山家地区（釜輪町）,（月・木コース）：クリーンセンターＡ,月 木 日5:12,水1:4 6 7 8 9 10 11 12 2 3; 水2:5 1,水2:4 6 7 8 9 10 11 12 2 3; 水3:5 1,火3:11 12; 水3:8 9; 木3:2; 金3:10; 火4:5 6 7; 水4:1; 木4:4 3,火3:11 12; 水3:8 9; 木3:2; 金3:10; 火4:5 6 7; 水4:1; 木4:4 3,,,,,,
山家地区（広瀬町）,（月・木コース）：クリーンセンターＡ,月 木 日5:12,水1:4 6 7 8 9 10 11 12 2 3; 水2:5 1,水2:4 6 7 8 9 10 11 12 2 3; 水3:5 1,火3:11 12; 水3:8 9; 木3:2; 金3:10; 火4:5 6 7; 水4:1; 木4:4 3,火3:11 12; 水3:8 9; 木3:2; 金3:10; 火4:5 6 7; 水4:1; 木4:4 3,,,,,,
山家地区（橋上町）,（月・木コース）：クリーンセンターＡ,月 木 日5:12,水1:4 6 7 8 9 10 11 12 2 3; 水2:5 1,水2:4 6 7 8 9 10 11 12 2 3; 水3:5 1,火3:11 12; 水3:8 9; 木3:2; 金3:10; 火4:5 6 7; 水4:1; 木4:4 3,火3:11 12; 水3:8 9; 木3:2; 金3:10; 火4:5 6 7; 水4:1; 木4:4 3,,,,,,
山家地区（和木町）,（月・木コース）：クリーンセンターＡ,月 木 日5:12,水1:4 6 7 8 9 10 11 12 2 3; 水2:5 1,水2:4 6 7 8 9 10 11 12 2 3; 水3:5 1,火3:11 12; 水3:8 9; 木3:2; 金3:10; 火4:5 6 7; 水4:1; 木4:4 3,火3:11 12; 水3:8 9; 木3:2; 金3:10; 火4:5 6 7; 水4:1; 木4:4 3,,,,,,
山家地区（下原町）,（月・木コース）：クリーンセンターＡ,月 木 日5:12,水1:4 6 7 8 9 10 11 12 2 3; 水2:5 1,水2:4 6 7 8 9 10 11 12 2 3; 水3:5 1,火3:11 12; 水3:8 9; 木3:2; 金3:10; 火4:5 6 7; 水4:1; 木4:4 3,火3:11 12; 水3:8 9; 木3:2; 金3:10; 火4:5 6 7; 水4:1; 木4:4 3,,,,,,
山家地区（上原町）,（月・木コース）：クリーンセンターＡ,月 木 日5:12,水1:4 6 7 8 9 10 11 12 2 3; 水2:5 1,水2:4 6 7 8 9 10 11 12 2 3; 水3:5 1,火3:11 12; 水3:8 9; 木3:2; 金3:10; 火4:5 6 7; 水4:1; 木4:4 3,火3:11 12; 水3:8 9; 木3:2; 金3:10; 火4:5 6 7; 水4:1; 木4:4 3,,,,,,
山家地区（下替地町）,（月・木コース）：クリーンセンターＡ,月 木 日5:12,水1:4 6 7 8 9 10 11 12 2 3; 水2:5 1,水2:4 6 7 8 9 10 11 12 2 3; 水3:5 1,火3:11 12; 水3:8 9; 木3:2; 金3:10; 火4:5 6 7; 水4:1; 木4:4 3,火3:11 12; 水3:8 9; 木3:2; 金3:10; 火4:5 6 7; 水4:1; 木4:4 3,,,,,,
綾部地区（並松町）,（月・木コース）：クリーンセンターＡ,月 木 日5:12,水1:4 6 7 8 9 10 11 12 2 3; 水2:5 1,水2:4 6 7 8 9 10 11 12 2 3; 水3:5 1,火1:10; 水1:3; 木1:6 7 8; 金1:4; 木2:5; 木4:11 12; 水5:10; 金5:8 1,火1:10; 水1:3; 木1:6 7 8; 金1:4; 木2:5; 木4:11 12; 水5:10; 金5:8 1,,,,,,
綾部地区（上町）,（火・金コース）：クリーンセンターＢ,火 金 月5:12,水3:4 6 7 8 9 10 11 12 2 3; 水4:5 1,水4:4 6 7 8 9 10 11 12 2 3; 水5:5 1,火1:4; 水1:5; 木3:11 12; 金3:9; 木4:10 2; 金4:6 7 8 1; 金5:5,火1:4; 水1:5; 木3:11 12; 金3:9; 木4:10 2; 金4:6 7 8 1; 金5:5,,,,,,
綾部地区（川糸町）,（火・金コース）：クリーンセンターＢ,火 金 月5:12,水3:4 6 7 8 9 10 11 12 2 3; 水4:5 1,水4:4 6 7 8 9 10 11 12 2 3; 水5:5 1,火1:10; 水1:3; 木1:6 7 8; 金1:4; 木2:5; 木4:11 12; 水5:10; 金5:8 1,火1:10; 水1:3; 木1:6 7 8; 金1:4; 木2:5; 木4:11 12; 水5:10; 金5:8 1,,,,,,
綾部地区（味方町）,（火・金コース）：クリーンセンターＢ,火 金 月5:12,水1:4 6 7 8 9 10 11 12 2 3; 水2:5 1,水2:4 6 7 8 9 10 11 12 2 3; 水3:5 1,水3:11 12; 木3:9; 金3:2; 火4:10; 木4:6 7 8 1; 金4:4 3; 木5:5,水3:11 12; 木3:9; 金3:2; 火4:10; 木4:6 7 8 1; 金4:4 3; 木5:5,,,,,,
綾部地区（野田町）,（月・木コース）：クリーンセンターＡ,月 木 日5:12,水1:4 6 7 8 9 10 11 12 2 3; 水2:5 1,水2:4 6 7 8 9 10 11 12 2 3; 水3:5 1,火1:10; 水1:3; 木1:6 7 8; 金1:4; 木2:5; 木4:11 12; 水5:10; 金5:8 1,火1:10; 水1:3; 木1:6 7 8; 金1:4; 木2:5; 木4:11 12; 水5:10; 金5:8 1,,,,,,
綾部地区（紫水ヶ丘）,（月・木コース）：クリーンセンターＡ,月 木 日5:12,水1:4 6 7 8 9 10 11 12 2 3; 水2:5 1,水2:4 6 7 8 9 10 11 12 2 3; 水3:5 1,水3:11 12; 木3:9; 金3:2; 火4:10; 木4:6 7 8 1; 金4:4 3; 木5:5,水3:11 12; 木3:9; 金3:2; 火4:10; 木4:6 7 8 1; 金4:4 3; 木5:5,,,,,,
綾部地区（寺町東）,（月・木コース）：クリーンセンターＡ,月 木 日5:12,水1:4 6 7 8 9 10 11 12 2 3; 水2:5 1,水2:4 6 7 8 9 10 11 12 2 3; 水3:5 1,木1:11 12; 金1:9 2; 火2:10; 木2:8 1 3; 金2:6 7; 火3:4; 金3:5,木1:11 12; 金1:9 2; 火2:10; 木2:8 1 3; 金2:6 7; 火3:4; 金3:5,,,,,,
綾部地区（寺町西）,（月・木コース）：クリーンセンターＡ,月 木 日5:12,水1:4 6 7 8 9 10 11 12 2 3; 水2:5 1,水2:4 6 7 8 9 10 11 12 2 3; 水3:5 1,木1:11 12; 金1:9 2; 火2:10; 木2:8 1 3; 金2:6 7; 火3:4; 金3:5,木1:11 12; 金1:9 2; 火2:10; 木2:8 1 3; 金2:6 7; 火3:4; 金3:5,,,,,,
綾部地区（田野町）,（月・木コース）：クリーンセンターＡ,月 木 日5:12,水1:4 6 7 8 9 10 11 12 2 3; 水2:5 1,水2:4 6 7 8 9 10 11 12 2 3; 水3:5 1,水1:8 11 12; 木1:9 2; 金1:10; 火2:3; 水2:1; 木2:6 7; 金2:4; 木3:5,水1:8 11 12; 木1:9 2; 金1:10; 火2:3; 水2:1; 木2:6 7; 金2:4; 木3:5,,,,,,
綾部地区（上野町）,（月・木コース）：クリーンセンターＡ,月 木 日5:12,水1:4 6 7 8 9 10 11 12 2 3; 水2:5 1,水2:4 6 7 8 9 10 11 12 2 3; 水3:5 1,水1:8 11 12; 木1:9 2; 金1:10; 火2:3; 水2:1; 木2:6 7; 金2:4; 木3:5,水1:8 11 12; 木1:9 2; 金1:10; 火2:3; 水2:1; 木2:6 7; 金2:4; 木3:5,,,,,,
綾部地区（田町）,（火・金コース）：クリーンセンターＢ,火 金 月5:12,水1:4 6 7 8 9 10 11 12 2 3; 水2:5 1,水2:4 6 7 8 9 10 11 12 2 3; 水3:5 1,火1:9 2; 水1:10; 木1:3; 金1:6 7 8; 火2:4; 金2:5; 金4:12; 木5:10; 金5:11,火1:9 2; 水1:10; 木1:3; 金1:6 7 8; 火2:4; 金2:5; 金4:12; 木5:10; 金5:11,,,,,,
綾部地区（東本町）,（火・金コース）：クリーンセンターＢ,火 金 月5:12,水3:4 6 7 8 9 10 11 12 2 3; 水4:5 1,水4:4 6 7 8 9 10 11 12 2 3; 水5:5 1,火1:4; 水1:5; 木3:11 12; 金3:9; 木4:10 2; 金4:6 7 8 1; 金5:5,火1:4; 水1:5; 木3:11 12; 金3:9; 木4:10 2; 金4:6 7 8 1; 金5:5,,,,,,
綾部地区（西本町）,（火・金コース）：クリーンセンターＢ,火 金 月5:12,水3:4 6 7 8 9 10 11 12 2 3; 水4:5 1,水4:4 6 7 8 9 10 11 12 2 3; 水5:5 1,火1:4; 水1:5; 木3:11 12; 金3:9; 木4:10 2; 金4:6 7 8 1; 金5:5,火1:4; 水1:5; 木3:11 12; 金3:9; 木4:10 2; 金4:6 7 8 1; 金5:5,,,,,,
綾部地区（新宮町）,（火・金コース）：クリーンセンターＢ,火 金 月5:12,水1:4 6 7 8 9 10 11 12 2 3; 水2:5 1,水2:4 6 7 8 9 10 11 12 2 3; 水3:5 1,火1:9 2; 水1:10; 木1:3; 金1:6 7 8; 火2:4; 金2:5; 金4:12; 木5:10; 金5:11,火1:9 2; 水1:10; 木1:3; 金1:6 7 8; 火2:4; 金2:5; 金4:12; 木5:10; 金5:11,,,,,,
綾部地区（新町）,（火・金コース）：クリーンセンターＢ,火 金 月5:12,水1:4 6 7 8 9 10 11 12 2 3; 水2:5 1,水2:4 6 7 8 9 10 11 12 2 3; 水3:5 1,火1:9 2; 水1:10; 木1:3; 金1:6 7 8; 火2:4; 金2:5; 金4:12; 木5:10; 金5:11,火1:9 2; 水1:10; 木1:3; 金1:6 7 8; 火2:4; 金2:5; 金4:12; 木5:10; 金5:11,,,,,,
綾部地区（本町四丁目）,（火・金コース）：クリーンセンターＢ,火 金 月5:12,水3:4 6 7 8 9 10 11 12 2 3; 水4:5 1,水4:4 6 7 8 9 10 11 12 2 3; 水5:5 1,火1:4; 水1:5; 木3:11 12; 金3:9; 木4:10 2; 金4:6 7 8 1; 金5:5,火1:4; 水1:5; 木3:11 12; 金3:9; 木4:10 2; 金4:6 7 8 1; 金5:5,,,,,,
綾部地区（本町五、六丁目）,（火・金コース）：クリーンセンターＢ,火 金 月5:12,水3:4 6 7 8 9 10 11 12 2 3; 水4:5 1,水4:4 6 7 8 9 10 11 12 2 3; 水5:5 1,火1:4; 水1:5; 木3:11 12; 金3:9; 木4:10 2; 金4:6 7 8 1; 金5:5,火1:4; 水1:5; 木3:11 12; 金3:9; 木4:10 2; 金4:6 7 8 1; 金5:5,,,,,,
綾部地区（本町七丁目）,（火・金コース）：クリーンセンターＢ,火 金 月5:12,水3:4 6 7 8 9 10 11 12 2 3; 水4:5 1,水4:4 6 7 8 9 10 11 12 2 3; 水5:5 1,火1:4; 水1:5; 木3:11 12; 金3:9; 木4:10 2; 金4:6 7 8 1; 金5:5,火1:4; 水1:5; 木3:11 12; 金3:9; 木4:10 2; 金4:6 7 8 1; 金5:5,,,,,,
綾部地区（本町八丁目）,（火・金コース）：クリーンセンターＢ,火 金 月5:12,水3:4 6 7 8 9 10 11 12 2 3; 水4:5 1,水4:4 6 7 8 9 10 11 12 2 3; 水5:5 1,火1:4; 水1:5; 木3:11 12; 金3:9; 木4:10 2; 金4:6 7 8 1; 金5:5,火1:4; 水1:5; 木3:11 12; 金3:9; 木4:10 2; 金4:6 7 8 1; 金5:5,,,,,,
綾部地区（東神宮寺）,（火・金コース）：クリーンセンターＢ,火 金 月5:12,水1:4 6 7 8 9 10 11 12 2 3; 水2:5 1,水2:4 6 7 8 9 10 11 12 2 3; 水3:5 1,火1:8 12 1; 水1:9 2; 木1:10; 金1:11 3; 火2:5 6 7; 木2:4,火1:8 12 1; 水1:9 2; 木1:10; 金1:11 3; 火2:5 6 7; 木2:4,,,,,,
綾部地区（中神宮寺）,（火・金コース）：クリーンセンターＢ,火 金 月5:12,水1:4 6 7 8 9 10 11 12 2 3; 水2:5 1,水2:4 6 7 8 9 10 11 12 2 3; 水3:5 1,火1:8 12 1; 水1:9 2; 木1:10; 金1:11 3; 火2:5 6 7; 木2:4,火1:8 12 1; 水1:9 2; 木1:10; 金1:11 3; 火2:5 6 7; 木2:4,,,,,,
綾部地区（西神宮寺）,（火・金コース）：クリーンセンターＢ,火 金 月5:12,水1:4 6 7 8 9 10 11 12 2 3; 水2:5 1,水2:4 6 7 8 9 10 11 12 2 3; 水3:5 1,火1:8 12 1; 水1:9 2; 木1:10; 金1:11 3; 火2:5 6 7; 木2:4,火1:8 12 1; 水1:9 2; 木1:10; 金1:11 3; 火2:5 6 7; 木2:4,,,,,,
綾部地区（明知町）,（火・金コース）：クリーンセンターＢ,火 金 月5:12,水3:4 6 7 8 9 10 11 12 2 3; 水4:5 1,水4:4 6 7 8 9 10 11 12 2 3; 水5:5 1,火1:4; 水1:5; 木3:11 12; 金3:9; 木4:10 2; 金4:6 7 8 1; 金5:5,火1:4; 水1:5; 木3:11 12; 金3:9; 木4:10 2; 金4:6 7 8 1; 金5:5,,,,,,
綾部地区（月見町）,（火・金コース）：クリーンセンターＢ,火 金 月5:12,水1:4 6 7 8 9 10 11 12 2 3; 水2:5 1,水2:4 6 7 8 9 10 11 12 2 3; 水3:5 1,火1:8 12 1; 水1:9 2; 木1:10; 金1:11 3; 火2:5 6 7; 木2:4,火1:8 12 1; 水1:9 2; 木1:10; 金1:11 3; 火2:5 6 7; 木2:4,,,,,,
綾部地区（中ノ町）,（火・金コース）：クリーンセンターＢ,火 金 月5:12,水3:4 6 7 8 9 10 11 12 2 3; 水4:5 1,水4:4 6 7 8 9 10 11 12 2 3; 水5:5 1,火1:6 7; 水1:4; 木1:5; 金3:12; 火4:8 1; 木4:9; 金4:10 11 2; 火5:7,火1:6 7; 水1:4; 木1:5; 金3:12; 火4:8 1; 木4:9; 金4:10 11 2; 火5:7,,,,,,
綾部地区（広小路）,（火・金コース）：クリーンセンターＢ,火 金 月5:12,水3:4 6 7 8 9 10 11 12 2 3; 水4:5 1,水4:4 6 7 8 9 10 11 12 2 3; 水5:5 1,火1:6 7; 水1:4; 木1:5; 金3:12; 火4:8 1; 木4:9; 金4:10 11 2; 火5:7,火1:6 7; 水1:4; 木1:5; 金3:12; 火4:8 1; 木4:9; 金4:10 11 2; 火5:7,,,,,,
綾部地区（新広小路）,（火・金コース）：クリーンセンターＢ,火 金 月5:12,水3:4 6 7 8 9 10 11 12 2 3; 水4:5 1,水4:4 6 7 8 9 10 11 12 2 3; 水5:5 1,火1:6 7; 水1:4; 木1:5; 金3:12; 火4:8 1; 木4:9; 金4:10 11 2; 火5:7,火1:6 7; 水1:4; 木1:5; 金3:12; 火4:8 1; 木4:9; 金4:10 11 2; 火5:7,,,,,,
綾部地区（西新町）,（火・金コース）：クリーンセンターＢ,火 金 月5:12,水3:4 6 7 8 9 10 11 12 2 3; 水4:5 1,水4:4 6 7 8 9 10 11 12 2 3; 水5:5 1,火1:6 7; 水1:4; 木1:5; 金3:12; 火4:8 1; 木4:9; 金4:10 11 2; 火5:7,火1:6 7; 水1:4; 木1:5; 金3:12; 火4:8 1; 木4:9; 金4:10 11 2; 火5:7,,,,,,
綾部地区（南西町）,（火・金コース）：クリーンセンターＢ,火 金 月5:12,水3:4 6 7 8 9 10 11 12 2 3; 水4:5 1,水4:4 6 7 8 9 10 11 12 2 3; 水5:5 1,火1:9 2; 水1:10; 木1:3; 金1:6 7 8; 火2:4; 金2:5; 金4:12; 木5:10; 金5:11,火1:9 2; 水1:10; 木1:3; 金1:6 7 8; 火2:4; 金2:5; 金4:12; 木5:10; 金5:11,,,,,,
綾部地区（北西町）,（火・金コース）：クリーンセンターＢ,火 金 月5:12,水3:4 6 7 8 9 10 11 12 2 3; 水4:5 1,水4:4 6 7 8 9 10 11 12 2 3; 水5:5 1,火1:9 2; 水1:10; 木1:3; 金1:6 7 8; 火2:4; 金2:5; 金4:12; 木5:10; 金5:11,火1:9 2; 水1:10; 木1:3; 金1:6 7 8; 火2:4; 金2:5; 金4:12; 木5:10; 金5:11,,,,,,
綾部地区（天神町）,（火・金コース）：クリーンセンターＢ,火 金 月5:12,水3:4 6 7 8 9 10 11 12 2 3; 水4:5 1,水4:4 6 7 8 9 10 11 12 2 3; 水5:5 1,火1:6 7; 水1:4; 木1:5; 金3:12; 火4:8 1; 木4:9; 金4:10 11 2; 火5:7,火1:6 7; 水1:4; 木1:5; 金3:12; 火4:8 1; 木4:9; 金4:10 11 2; 火5:7,,,,,,
綾部地区（若松町）,（火・金コース）：クリーンセンターＢ,火 金 月5:12,水3:4 6 7 8 9 10 11 12 2 3; 水4:5 1,水4:4 6 7 8 9 10 11 12 2 3; 水5:5 1,木1:11 12; 金1:9 2; 火2:10; 木2:8 1 3; 金2:6 7; 火3:4; 金3:5,木1:11 12; 金1:9 2; 火2:10; 木2:8 1 3; 金2:6 7; 火3:4; 金3:5,,,,,,
綾部地区（相生町）,（火・金コース）：クリーンセンターＢ,火 金 月5:12,水3:4 6 7 8 9 10 11 12 2 3; 水4:5 1,水4:4 6 7 8 9 10 11 12 2 3; 水5:5 1,火1:6 7; 水1:4; 木1:5; 金3:12; 火4:8 1; 木4:9; 金4:10 11 2; 火5:7,火1:6 7; 水1:4; 木1:5; 金3:12; 火4:8 1; 木4:9; 金4:10 11 2; 火5:7,,,,,,
綾部地区（幸通町）,（火・金コース）：クリーンセンターＢ,火 金 月5:12,水3:4 6 7 8 9 10 11 12 2 3; 水4:5 1,水4:4 6 7 8 9 10 11 12 2 3; 水5:5 1,火1:6 7; 水1:4; 木1:5; 金3:12; 火4:8 1; 木4:9; 金4:10 11 2; 火5:7,火1:6 7; 水1:4; 木1:5; 金3:12; 火4:8 1; 木4:9; 金4:10 11 2; 火5:7,,,,,,
綾部地区（宮代町）,（火・金コース）：クリーンセンターＢ,火 金 月5:12,水3:4 6 7 8 9 10 11 12 2 3; 水4:5 1,水4:4 6 7 8 9 10 11 12 2 3; 水5:5 1,火1:4; 水1:5; 木3:11 12; 金3:9; 木4:10 2; 金4:6 7 8 1; 金5:5,火1:4; 水1:5; 木3:11 12; 金3:9; 木4:10 2; 金4:6 7 8 1; 金5:5,,,,,,
綾部地区（駅前通）,（火・金コース）：クリーンセンターＢ,火 金 月5:12,水3:4 6 7 8 9 10 11 12 2 3; 水4:5 1,水4:4 6 7 8 9 10 11 12 2 3; 水5:5 1,火1:9 2; 水1:10; 木1:3; 金1:6 7 8; 火2:4; 金2:5; 金4:12; 木5:10; 金5:11,火1:9 2; 水1:10; 木1:3; 金1:6 7 8; 火2:4; 金2:5; 金4:12; 木5:10; 金5:11,,,,,,
綾部地区（綾中町）,（火・金コース）：クリーンセンターＢ,火 金 月5:12,水3:4 6 7 8 9 10 11 12 2 3; 水4:5 1,水4:4 6 7 8 9 10 11 12 2 3; 水5:5 1,火1:10; 水1:3; 木1:6 7 8; 金1:4; 木2:5; 木4:11 12; 水5:10; 金5:8 1,火1:10; 水1:3; 木1:6 7 8; 金1:4; 木2:5; 木4:11 12; 水5:10; 金5:8 1,,,,,,
綾部地区（グランブルー）,（火・金コース）：クリーンセンターＢ,火 金 月5:12,水3:4 6 7 8 9 10 11 12 2 3; 水4:5 1,水4:4 6 7 8 9 10 11 12 2 3; 水5:5 1,火1:10; 水1:3; 木1:6 7 8; 金1:4; 木2:5; 木4:11 12; 水5:10; 金5:8 1,火1:10; 水1:3; 木1:6 7 8; 金1:4; 木2:5; 木4:11 12; 水5:10; 金5:8 1,,,,,,
綾部地区（西町団地）,（火・金コース）：クリーンセンターＢ,火 金 月5:12,水1:4 6 7 8 9 10 11 12 2 3; 水2:5 1,水2:4 6 7 8 9 10 11 12 2 3; 水3:5 1,火1:6 7; 水1:4; 木1:5; 金3:12; 火4:8 1; 木4:9; 金4:10 11 2; 火5:7,火1:6 7; 水1:4; 木1:5; 金3:12; 火4:8 1; 木4:9; 金4:10 11 2; 火5:7,,,,,,
綾部地区（井倉町）,（月・木コース）：クリーンセンターＡ,月 木 日5:12,水1:4 6 7 8 9 10 11 12 2 3; 水2:5 1,水2:4 6 7 8 9 10 11 12 2 3; 水3:5 1,火1:4; 水1:5; 木3:11 12; 金3:9; 木4:10 2; 金4:6 7 8 1; 金5:5,火1:4; 水1:5; 木3:11 12; 金3:9; 木4:10 2; 金4:6 7 8 1; 金5:5,,,,,,
綾部地区（青野町）,（火・金コース）：クリーンセンターＢ,火 金 月5:12,水3:4 6 7 8 9 10 11 12 2 3; 水4:5 1,水4:4 6 7 8 9 10 11 12 2 3; 水5:5 1,火1:3; 水1:6 7; 木1:4; 水2:5; 火4:11 12; 金4:9; 火5:10; 水5:7; 木5:8 1,火1:3; 水1:6 7; 木1:4; 水2:5; 火4:11 12; 金4:9; 火5:10; 水5:7; 木5:8 1,,,,,,
非加盟（弥生団地）,（火・金コース）：クリーンセンターＢ,火 金 月5:12,水3:4 6 7 8 9 10 11 12 2 3; 水4:5 1,水4:4 6 7 8 9 10 11 12 2 3; 水5:5 1,火1:9 2; 水1:10; 木1:3; 金1:6 7 8; 火2:4; 金2:5; 金4:12; 木5:10; 金5:11,火1:9 2; 水1:10; 木1:3; 金1:6 7 8; 火2:4; 金2:5; 金4:12; 木5:10; 金5:11,,,,,,
非加盟（井倉新町団地）,（火・金コース）：クリーンセンターＢ,火 金 月5:12,水3:4 6 7 8 9 10 11 12 2 3; 水4:5 1,水4:4 6 7 8 9 10 11 12 2 3; 水5:5 1,火1:9 2; 水1:10; 木1:3; 金1:6 7 8; 火2:4; 金2:5; 金4:12; 木5:10; 金5:11,火1:9 2; 水1:10; 木1:3; 金1:6 7 8; 火2:4; 金2:5; 金4:12; 木5:10; 金5:11,,,,,,
非加盟（綾部合同宿舎）,（月・木コース）：クリーンセンターＡ,月 木 日5:12,水1:4 6 7 8 9 10 11 12 2 3; 水2:5 1,水2:4 6 7 8 9 10 11 12 2 3; 水3:5 1,水1:8 11 12; 木1:9 2; 金1:10; 火2:3; 水2:1; 木2:6 7; 金2:4; 木3:5,水1:8 11 12; 木1:9 2; 金1:10; 火2:3; 水2:1; 木2:6 7; 金2:4; 木3:5,,,,,,
非加盟（上野団地）,（月・木コース）：クリーンセンターＡ,月 木 日5:12,水1:4 6 7 8 9 10 11 12 2 3; 水2:5 1,水2:4 6 7 8 9 10 11 12 2 3; 水3:5 1,水1:8 11 12; 木1:9 2; 金1:10; 火2:3; 水2:1; 木2:6 7; 金2:4; 木3:5,水1:8 11 12; 木1:9 2; 金1:10; 火2:3; 水2:1; 木2:6 7; 金2:4; 木3:5,,,,,,
非加盟（あやべ台）,（火・金コース）：クリーンセンターＢ,火 金 月5:12,水3:4 6 7 8 9 10 11 12 2 3; 水4:5 1,水4:4 6 7 8 9 10 11 12 2 3; 水5:5 1,火3:11 12; 水3:8 9; 木3:2; 金3:10; 火4:5 6 7; 水4:1; 木4:4 3,火3:11 12; 水3:8 9; 木3:2; 金3:10; 火4:5 6 7; 水4:1; 木4:4 3,,,,,,
中筋地区（岡町）,（火・金コース）：クリーンセンターＢ,火 金 月5:12,水3:4 6 7 8 9 10 11 12 2 3; 水4:5 1,水4:4 6 7 8 9 10 11 12 2 3; 水5:5 1,火1:6 7; 水1:4; 木1:5; 金3:12; 火4:8 1; 木4:9; 金4:10 11 2; 火5:7,火1:6 7; 水1:4; 木1:5; 金3:12; 火4:8 1; 木4:9; 金4:10 11 2; 火5:7,,,,,,
中筋地区（高津町）,（火・金コース）：クリーンセンターＢ,火 金 月5:12,水3:4 6 7 8 9 10 11 12 2 3; 水4:5 1,水4:4 6 7 8 9 10 11 12 2 3; 水5:5 1,火1:6 7; 水1:4; 木1:5; 金3:12; 火4:8 1; 木4:9; 金4:10 11 2; 火5:7,火1:6 7; 水1:4; 木1:5; 金3:12; 火4:8 1; 木4:9; 金4:10 11 2; 火5:7,,,,,,
中筋地区（延町）,（火・金コース）：クリーンセンターＢ,火 金 月5:12,水3:4 6 7 8 9 10 11 12 2 3; 水4:5 1,水4:4 6 7 8 9 10 11 12 2 3; 水5:5 1,火1:10; 水1:3; 木1:6 7 8; 金1:4; 木2:5; 木4:11 12; 水5:10; 金5:8 1,火1:10; 水1:3; 木1:6 7 8; 金1:4; 木2:5; 木4:11 12; 水5:10; 金5:8 1,,,,,,
中筋地区（上延町）,（火・金コース）：クリーンセンターＢ,火 金 月5:12,水3:4 6 7 8 9 10 11 12 2 3; 水4:5 1,水4:4 6 7 8 9 10 11 12 2 3; 水5:5 1,火1:10; 水1:3; 木1:6 7 8; 金1:4; 木2:5; 木4:11 12; 水5:10; 金5:8 1,火1:10; 水1:3; 木1:6 7 8; 金1:4; 木2:5; 木4:11 12; 水5:10; 金5:8 1,,,,,,
中筋地区（安場町）,（火・金コース）：クリーンセンターＢ,火 金 月5:12,水3:4 6 7 8 9 10 11 12 2 3; 水4:5 1,水4:4 6 7 8 9 10 11 12 2 3; 水5:5 1,火1:10; 水1:3; 木1:6 7 8; 金1:4; 木2:5; 木4:11 12; 水5:10; 金5:8 1,火1:10; 水1:3; 木1:6 7 8; 金1:4; 木2:5; 木4:11 12; 水5:10; 金5:8 1,,,,,,
中筋地区（鳥ケ坪）,（火・金コース）：クリーンセンターＢ,火 金 月5:12,水3:4 6 7 8 9 10 11 12 2 3; 水4:5 1,水4:4 6 7 8 9 10 11 12 2 3; 水5:5 1,火1:3; 水1:6 7; 木1:4; 水2:5; 火4:11 12; 金4:9; 火5:10; 水5:7; 木5:8 1,火1:3; 水1:6 7; 木1:4; 水2:5; 火4:11 12; 金4:9; 火5:10; 水5:7; 木5:8 1,,,,,,
中筋地区（大島町東）,（火・金コース）：クリーンセンターＢ,火 金 月5:12,水3:4 6 7 8 9 10 11 12 2 3; 水4:5 1,水4:4 6 7 8 9 10 11 12 2 3; 水5:5 1,火1:3; 水1:6 7; 木1:4; 水2:5; 火4:11 12; 金4:9; 火5:10; 水5:7; 木5:8 1,火1:3; 水1:6 7; 木1:4; 水2:5; 火4:11 12; 金4:9; 火5:10; 水5:7; 木5:8 1,,,,,,
中筋地区（大島町中）,（火・金コース）：クリーンセンターＢ,火 金 月5:12,水3:4 6 7 8 9 10 11 12 2 3; 水4:5 1,水4:4 6 7 8 9 10 11 12 2 3; 水5:5 1,火1:3; 水1:6 7; 木1:4; 水2:5; 火4:11 12; 金4:9; 火5:10; 水5:7; 木5:8 1,火1:3; 水1:6 7; 木1:4; 水2:5; 火4:11 12; 金4:9; 火5:10; 水5:7; 木5:8 1,,,,,,
中筋地区（大島町西）,（火・金コース）：クリーンセンターＢ,火 金 月5:12,水3:4 6 7 8 9 10 11 12 2 3; 水4:5 1,水4:4 6 7 8 9 10 11 12 2 3; 水5:5 1,火1:3; 水1:6 7; 木1:4; 水2:5; 火4:11 12; 金4:9; 火5:10; 水5:7; 木5:8 1,火1:3; 水1:6 7; 木1:4; 水2:5; 火4:11 12; 金4:9; 火5:10; 水5:7; 木5:8 1,,,,,,
中筋地区（夕陽ケ丘）,（火・金コース）：クリーンセンターＢ,火 金 月5:12,水3:4 6 7 8 9 10 11 12 2 3; 水4:5 1,水4:4 6 7 8 9 10 11 12 2 3; 水5:5 1,火1:4; 水1:5; 木3:11 12; 金3:9; 木4:10 2; 金4:6 7 8 1; 金5:5,火1:4; 水1:5; 木3:11 12; 金3:9; 木4:10 2; 金4:6 7 8 1; 金5:5,,,,,,
プレシアス,（月・木コース）：クリーンセンターＡ,月 木 日5:12,水1:4 6 7 8 9 10 11 12 2 3; 水2:5 1,水2:4 6 7 8 9 10 11 12 2 3; 水3:5 1,火1:4; 水1:5; 木3:11 12; 金3:9; 木4:10 2; 金4:6 7 8 1; 金5:5,火1:4; 水1:5; 木3:11 12; 金3:9; 木4:10 2; 金4:6 7 8 1; 金5:5,,,,,,
吉美地区（桜が丘以外）,（月・木コース）：クリーンセンターＡ,月 木 日5:12,水1:4 6 7 8 9 10 11 12 2 3; 水2:5 1,水2:4 6 7 8 9 10 11 12 2 3; 水3:5 1,火2:11 12; 木2:9; 金2:10 2; 火3:3; 水3:6 7; 木3:4 8 1; 水4:5,火2:11 12; 木2:9; 金2:10 2; 火3:3; 水3:6 7; 木3:4 8 1; 水4:5,,,,,,
吉美地区（桜が丘一丁目）,（月・木コース）：クリーンセンターＡ,月 木 日5:12,水1:4 6 7 8 9 10 11 12 2 3; 水2:5 1,水2:4 6 7 8 9 10 11 12 2 3; 水3:5 1,水3:11 12; 木3:9; 金3:2; 火4:10; 木4:6 7 8 1; 金4:4 3; 木5:5,水3:11 12; 木3:9; 金3:2; 火4:10; 木4:6 7 8 1; 金4:4 3; 木5:5,,,,,,
吉美地区（桜が丘二丁目）,（月・木コース）：クリーンセンターＡ,月 木 日5:12,水1:4 6 7 8 9 10 11 12 2 3; 水2:5 1,水2:4 6 7 8 9 10 11 12 2 3; 水3:5 1,水3:11 12; 木3:9; 金3:2; 火4:10; 木4:6 7 8 1; 金4:4 3; 木5:5,水3:11 12; 木3:9; 金3:2; 火4:10; 木4:6 7 8 1; 金4:4 3; 木5:5,,,,,,
西八田（上八田）,（火・金コース）：クリーンセンターＢ,火 金 月5:12,水3:4 6 7 8 9 10 11 12 2 3; 水4:5 1,水4:4 6 7 8 9 10 11 12 2 3; 水5:5 1,木2:11 12; 金2:9; 火3:2; 水3:10 3; 木3:6 7; 金3:4 8 1; 木4:5,木2:11 12; 金2:9; 火3:2; 水3:10 3; 木3:6 7; 金3:4 8 1; 木4:5,,,,,,
西八田（七百石）大日,（火・金コース）：クリーンセンターＢ,火 金 月5:12,水3:4 6 7 8 9 10 11 12 2 3; 水4:5 1,水4:4 6 7 8 9 10 11 12 2 3; 水5:5 1,木2:11 12; 金2:9; 火3:2; 水3:10 3; 木3:6 7; 金3:4 8 1; 木4:5,木2:11 12; 金2:9; 火3:2; 水3:10 3; 木3:6 7; 金3:4 8 1; 木4:5,,,,,,
西八田（七百石）大谷,（月・木コース）：クリーンセンターＡ,月 木 日5:12,水1:4 6 7 8 9 10 11 12 2 3; 水2:5 1,水2:4 6 7 8 9 10 11 12 2 3; 水3:5 1,木1:11 12; 金1:9 2; 火2:10; 木2:8 1 3; 金2:6 7; 火3:4; 金3:5,木1:11 12; 金1:9 2; 火2:10; 木2:8 1 3; 金2:6 7; 火3:4; 金3:5,,,,,,
西八田（七百石）大日・大谷以外,（火・金コース）：クリーンセンターＢ,火 金 月5:12,水3:4 6 7 8 9 10 11 12 2 3; 水4:5 1,水4:4 6 7 8 9 10 11 12 2 3; 水5:5 1,金2:12; 火3:8 9 1; 水3:2; 木3:10; 金3:6 7 11; 火4:4 3; 金4:5,金2:12; 火3:8 9 1; 水3:2; 木3:10; 金3:6 7 11; 火4:4 3; 金4:5,,,,,,
西八田（中筋）,（火・金コース）：クリーンセンターＢ,火 金 月5:12,水3:4 6 7 8 9 10 11 12 2 3; 水4:5 1,水4:4 6 7 8 9 10 11 12 2 3; 水5:5 1,木2:11 12; 金2:9; 火3:2; 水3:10 3; 木3:6 7; 金3:4 8 1; 木4:5,木2:11 12; 金2:9; 火3:2; 水3:10 3; 木3:6 7; 金3:4 8 1; 木4:5,,,,,,
西八田（岡安）,（火・金コース）：クリーンセンターＢ,火 金 月5:12,水3:4 6 7 8 9 10 11 12 2 3; 水4:5 1,水4:4 6 7 8 9 10 11 12 2 3; 水5:5 1,木2:11 12; 金2:9; 火3:2; 水3:10 3; 木3:6 7; 金3:4 8 1; 木4:5,木2:11 12; 金2:9; 火3:2; 水3:10 3; 木3:6 7; 金3:4 8 1; 木4:5,,,,,,
西八田（渕垣）,（火・金コース）：クリーンセンターＢ,火 金 月5:12,水3:4 6 7 8 9 10 11 12 2 3; 水4:5 1,水4:4 6 7 8 9 10 11 12 2 3; 水5:5 1,木2:11 12; 金2:9; 火3:2; 水3:10 3; 木3:6 7; 金3:4 8 1; 木4:5,木2:11 12; 金2:9; 火3:2; 水3:10 3; 木3:6 7; 金3:4 8 1; 木4:5,,,,,,
西八田（下八田）,（火・金コース）：クリーンセンターＢ,火 金 月5:12,水3:4 6 7 8 9 10 11 12 2 3; 水4:5 1,水4:4 6 7 8 9 10 11 12 2 3; 水5:5 1,火3:11 12; 水3:8 9; 木3:2; 金3:10; 火4:5 6 7; 水4:1; 木4:4 3,火3:11 12; 水3:8 9; 木3:2; 金3:10; 火4:5 6 7; 水4:1; 木4:4 3,,,,,,
東八田（中山）,（火・金コース）：クリーンセンターＢ,火 金 月5:12,水3:4 6 7 8 9 10 11 12 2 3; 水4:5 1,水4:4 6 7 8 9 10 11 12 2 3; 水5:5 1,金2:12; 火3:8 9 1; 水3:2; 木3:10; 金3:6 7 11; 火4:4 3; 金4:5,金2:12; 火3:8 9 1; 水3:2; 木3:10; 金3:6 7 11; 火4:4 3; 金4:5,,,,,,
東八田（安国寺）,（火・金コース）：クリーンセンターＢ,火 金 月5:12,水3:4 6 7 8 9 10 11 12 2 3; 水4:5 1,水4:4 6 7 8 9 10 11 12 2 3; 水5:5 1,金2:12; 火3:8 9 1; 水3:2; 木3:10; 金3:6 7 11; 火4:4 3; 金4:5,金2:12; 火3:8 9 1; 水3:2; 木3:10; 金3:6 7 11; 火4:4 3; 金4:5,,,,,,
東八田（新町）,（火・金コース）：クリーンセンターＢ,火 金 月5:12,水3:4 6 7 8 9 10 11 12 2 3; 水4:5 1,水4:4 6 7 8 9 10 11 12 2 3; 水5:5 1,金2:12; 火3:8 9 1; 水3:2; 木3:10; 金3:6 7 11; 火4:4 3; 金4:5,金2:12; 火3:8 9 1; 水3:2; 木3:10; 金3:6 7 11; 火4:4 3; 金4:5,,,,,,
東八田（中町）,（火・金コース）：クリーンセンターＢ,火 金 月5:12,水3:4 6 7 8 9 10 11 12 2 3; 水4:5 1,水4:4 6 7 8 9 10 11 12 2 3; 水5:5 1,金2:12; 火3:8 9 1; 水3:2; 木3:10; 金3:6 7 11; 火4:4 3; 金4:5,金2:12; 火3:8 9 1; 水3:2; 木3:10; 金3:6 7 11; 火4:4 3; 金4:5,,,,,,
東八田（上町）,（火・金コース）：クリーンセンターＢ,火 金 月5:12,水3:4 6 7 8 9 10 11 12 2 3; 水4:5 1,水4:4 6 7 8 9 10 11 12 2 3; 水5:5 1,金2:12; 火3:8 9 1; 水3:2; 木3:10; 金3:6 7 11; 火4:4 3; 金4:5,金2:12; 火3:8 9 1; 水3:2; 木3:10; 金3:6 7 11; 火4:4 3; 金4:5,,,,,,
東八田（鐘鋳場）,（火・金コース）：クリーンセンターＢ,火 金 月5:12,水3:4 6 7 8 9 10 11 12 2 3; 水4:5 1,水4:4 6 7 8 9 10 11 12 2 3; 水5:5 1,金2:12; 火3:8 9 1; 水3:2; 木3:10; 金3:6 7 11; 火4:4 3; 金4:5,金2:12; 火3:8 9 1; 水3:2; 木3:10; 金3:6 7 11; 火4:4 3; 金4:5,,,,,,
東八田（高槻）,（火・金コース）：クリーンセンターＢ,火 金 月5:12,水3:4 6 7 8 9 10 11 12 2 3; 水4:5 1,水4:4 6 7 8 9 10 11 12 2 3; 水5:5 1,金2:12; 火3:8 9 1; 水3:2; 木3:10; 金3:6 7 11; 火4:4 3; 金4:5,金2:12; 火3:8 9 1; 水3:2; 木3:10; 金3:6 7 11; 火4:4 3; 金4:5,,,,,,
東八田（大石）,（火・金コース）：クリーンセンターＢ,火 金 月5:12,水3:4 6 7 8 9 10 11 12 2 3; 水4:5 1,水4:4 6 7 8 9 10 11 12 2 3; 水5:5 1,金2:12; 火3:8 9 1; 水3:2; 木3:10; 金3:6 7 11; 火4:4 3; 金4:5,金2:12; 火3:8 9 1; 水3:2; 木3:10; 金3:6 7 11; 火4:4 3; 金4:5,,,,,,
東八田（愛宕）,（火・金コース）：クリーンセンターＢ,火 金 月5:12,水3:4 6 7 8 9 10 11 12 2 3; 水4:5 1,水4:4 6 7 8 9 10 11 12 2 3; 水5:5 1,金2:12; 火3:8 9 1; 水3:2; 木3:10; 金3:6 7 11; 火4:4 3; 金4:5,金2:12; 火3:8 9 1; 水3:2; 木3:10; 金3:6 7 11; 火4:4 3; 金4:5,,,,,,
東八田（内谷）,（火・金コース）：クリーンセンターＢ,火 金 月5:12,水3:4 6 7 8 9 10 11 12 2 3; 水4:5 1,水4:4 6 7 8 9 10 11 12 2 3; 水5:5 1,火3:11 12; 水3:8 9; 木3:2; 金3:10; 火4:5 6 7; 水4:1; 木4:4 3,火3:11 12; 水3:8 9; 木3:2; 金3:10; 火4:5 6 7; 水4:1; 木4:4 3,,,,,,
東八田（大野）,（火・金コース）：クリーンセンターＢ,火 金 月5:12,水3:4 6 7 8 9 10 11 12 2 3; 水4:5 1,水4:4 6 7 8 9 10 11 12 2 3; 水5:5 1,火3:11 12; 水3:8 9; 木3:2; 金3:10; 火4:5 6 7; 水4:1; 木4:4 3,火3:11 12; 水3:8 9; 木3:2; 金3:10; 火4:5 6 7; 水4:1; 木4:4 3,,,,,,
東八田（延近）,（火・金コース）：クリーンセンターＢ,火 金 月5:12,水3:4 6 7 8 9 10 11 12 2 3; 水4:5 1,水4:4 6 7 8 9 10 11 12 2 3; 水5:5 1,火3:11 12; 水3:8 9; 木3:2; 金3:10; 火4:5 6 7; 水4:1; 木4:4 3,火3:11 12; 水3:8 9; 木3:2; 金3:10; 火4:5 6 7; 水4:1; 木4:4 3,,,,,,
東八田（門）,（火・金コース）：クリーンセンターＢ,火 金 月5:12,水3:4 6 7 8 9 10 11 12 2 3; 水4:5 1,水4:4 6 7 8 9 10 11 12 2 3; 水5:5 1,火3:11 12; 水3:8 9; 木3:2; 金3:10; 火4:5 6 7; 水4:1; 木4:4 3,火3:11 12; 水3:8 9; 木3:2; 金3:10; 火4:5 6 7; 水4:1; 木4:4 3,,,,,,
東八田（久保）,（火・金コース）：クリーンセンターＢ,火 金 月5:12,水3:4 6 7 8 9 10 11 12 2 3; 水4:5 1,水4:4 6 7 8 9 10 11 12 2 3; 水5:5 1,火3:11 12; 水3:8 9; 木3:2; 金3:10; 火4:5 6 7; 水4:1; 木4:4 3,火3:11 12; 水3:8 9; 木3:2; 金3:10; 火4:5 6 7; 水4:1; 木4:4 3,,,,,,
東八田（施福寺）,（火・金コース）：クリーンセンターＢ,火 金 月5:12,水3:4 6 7 8 9 10 11 12 2 3; 水4:5 1,水4:4 6 7 8 9 10 11 12 2 3; 水5:5 1,火3:11 12; 水3:8 9; 木3:2; 金3:10; 火4:5 6 7; 水4:1; 木4:4 3,火3:11 12; 水3:8 9; 木3:2; 金3:10; 火4:5 6 7; 水4:1; 木4:4 3,,,,,,
東八田（小鳩）,（火・金コース）：クリーンセンターＢ,火 金 月5:12,水3:4 6 7 8 9 10 11 12 2 3; 水4:5 1,水4:4 6 7 8 9 10 11 12 2 3; 水5:5 1,火3:11 12; 水3:8 9; 木3:2; 金3:10; 火4:5 6 7; 水4:1; 木4:4 3,火3:11 12; 水3:8 9; 木3:2; 金3:10; 火4:5 6 7; 水4:1; 木4:4 3,,,,,,
東八田（黒谷）,（火・金コース）：クリーンセンターＢ,火 金 月5:12,水3:4 6 7 8 9 10 11 12 2 3; 水4:5 1,水4:4 6 7 8 9 10 11 12 2 3; 水5:5 1,火3:11 12; 水3:8 9; 木3:2; 金3:10; 火4:5 6 7; 水4:1; 木4:4 3,火3:11 12; 水3:8 9; 木3:2; 金3:10; 火4:5 6 7; 水4:1; 木4:4 3,,,,,,
東八田（八代）,（火・金コース）：クリーンセンターＢ,火 月5:12,水3:4 6 7 8 9 10 11 12 2 3; 水4:5 1,水4:4 6 7 8 9 10 11 12 2 3; 水5:5 1,火3:11 12; 水3:8 9; 木3:2; 金3:10; 火4:5 6 7; 水4:1; 木4:4 3,火3:11 12; 水3:8 9; 木3:2; 金3:10; 火4:5 6 7; 水4:1; 木4:4 3,,,,,,
東八田（鳥居野）,（火・金コース）：クリーンセンターＢ,火 金 月5:12,水3:4 6 7 8 9 10 11 12 2 3; 水4:5 1,水4:4 6 7 8 9 10 11 12 2 3; 水5:5 1,水3:11 12; 木3:9; 金3:2; 火4:10; 木4:6 7 8 1; 金4:4 3; 木5:5,水3:11 12; 木3:9; 金3:2; 火4:10; 木4:6 7 8 1; 金4:4 3; 木5:5,,,,,,
東八田（野瀬）,（火・金コース）：クリーンセンターＢ,火 金 月5:12,水3:4 6 7 8 9 10 11 12 2 3; 水4:5 1,水4:4 6 7 8 9 10 11 12 2 3; 水5:5 1,水3:11 12; 木3:9; 金3:2; 火4:10; 木4:6 7 8 1; 金4:4 3; 木5:5,水3:11 12; 木3:9; 金3:2; 火4:10; 木4:6 7 8 1; 金4:4 3; 木5:5,,,,,,
東八田（下村）,（火・金コース）：クリーンセンターＢ,火 金 月5:12,水3:4 6 7 8 9 10 11 12 2 3; 水4:5 1,水4:4 6 7 8 9 10 11 12 2 3; 水5:5 1,水3:11 12; 木3:9; 金3:2; 火4:10; 木4:6 7 8 1; 金4:4 3; 木5:5,水3:11 12; 木3:9; 金3:2; 火4:10; 木4:6 7 8 1; 金4:4 3; 木5:5,,,,,,
東八田（中川原）,（火・金コース）：クリーンセンターＢ,火 金 月5:12,水3:4 6 7 8 9 10 11 12 2 3; 水4:5 1,水4:4 6 7 8 9 10 11 12 2 3; 水5:5 1,水3:11 12; 木3:9; 金3:2; 火4:10; 木4:6 7 8 1; 金4:4 3; 木5:5,水3:11 12; 木3:9; 金3:2; 火4:10; 木4:6 7 8 1; 金4:4 3; 木5:5,,,,,,
東八田（大又）,（火・金コース）：クリーンセンターＢ,火 金 月5:12,水3:4 6 7 8 9 10 11 12 2 3; 水4:5 1,水4:4 6 7 8 9 10 11 12 2 3; 水5:5 1,水3:11 12; 木3:9; 金3:2; 火4:10; 木4:6 7 8 1; 金4:4 3; 木5:5,水3:11 12; 木3:9; 金3:2; 火4:10; 木4:6 7 8 1; 金4:4 3; 木5:5,,,,,,
東八田（見内）,（火・金コース）：クリーンセンターＢ,火 金 月5:12,水3:4 6 7 8 9 10 11 12 2 3; 水4:5 1,水4:4 6 7 8 9 10 11 12 2 3; 水5:5 1,水3:11 12; 木3:9; 金3:2; 火4:10; 木4:6 7 8 1; 金4:4 3; 木5:5,水3:11 12; 木3:9; 金3:2; 火4:10; 木4:6 7 8 1; 金4:4 3; 木5:5,,,,,,
豊里（上位田）,（月・木コース）：クリーンセンターＡ,月 木 日5:12,水1:4 6 7 8 9 10 11 12 2 3; 水2:5 1,水2:4 6 7 8 9 10 11 12 2 3; 水3:5 1,火1:9 2; 水1:10; 木1:3; 金1:6 7 8; 火2:4; 金2:5; 金4:12; 木5:10; 金5:11,火1:9 2; 水1:10; 木1:3; 金1:6 7 8; 火2:4; 金2:5; 金4:12; 木5:10; 金5:11,,,,,,
豊里（中位田）,（月・木コース）：クリーンセンターＡ,月 木 日5:12,水1:4 6 7 8 9 10 11 12 2 3; 水2:5 1,水2:4 6 7 8 9 10 11 12 2 3; 水3:5 1,火1:9 2; 水1:10; 木1:3; 金1:6 7 8; 火2:4; 金2:5; 金4:12; 木5:10; 金5:11,火1:9 2; 水1:10; 木1:3; 金1:6 7 8; 火2:4; 金2:5; 金4:12; 木5:10; 金5:11,,,,,,
豊里（下位田）,（月・木コース）：クリーンセンターＡ,月 木 日5:12,水1:4 6 7 8 9 10 11 12 2 3; 水2:5 1,水2:4 6 7 8 9 10 11 12 2 3; 水3:5 1,火1:9 2; 水1:10; 木1:3; 金1:6 7 8; 火2:4; 金2:5; 金4:12; 木5:10; 金5:11,火1:9 2; 水1:10; 木1:3; 金1:6 7 8; 火2:4; 金2:5; 金4:12; 木5:10; 金5:11,,,,,,
豊里（旭ヶ丘）,（月・木コース）：クリーンセンターＡ,月 木 日5:12,水1:4 6 7 8 9 10 11 12 2 3; 水2:5 1,水2:4 6 7 8 9 10 11 12 2 3; 水3:5 1,火1:9 2; 水1:10; 木1:3; 金1:6 7 8; 火2:4; 金2:5; 金4:12; 木5:10; 金5:11,火1:9 2; 水1:10; 木1:3; 金1:6 7 8; 火2:4; 金2:5; 金4:12; 木5:10; 金5:11,,,,,,
豊里（栗上）,（月・木コース）：クリーンセンターＡ,月 木 日5:12,水1:4 6 7 8 9 10 11 12 2 3; 水2:5 1,水2:4 6 7 8 9 10 11 12 2 3; 水3:5 1,火1:9 2; 水1:10; 木1:3; 金1:6 7 8; 火2:4; 金2:5; 金4:12; 木5:10; 金5:11,火1:9 2; 水1:10; 木1:3; 金1:6 7 8; 火2:4; 金2:5; 金4:12; 木5:10; 金5:11,,,,,,
豊里（栗橋）,（月・木コース）：クリーンセンターＡ,月 木 日5:12,水1:4 6 7 8 9 10 11 12 2 3; 水2:5 1,水2:4 6 7 8 9 10 11 12 2 3; 水3:5 1,火1:9 2; 水1:10; 木1:3; 金1:6 7 8; 火2:4; 金2:5; 金4:12; 木5:10; 金5:11,火1:9 2; 水1:10; 木1:3; 金1:6 7 8; 火2:4; 金2:5; 金4:12; 木5:10; 金5:11,,,,,,
豊里（栗揚）,（月・木コース）：クリーンセンターＡ,月 木 日5:12,水1:4 6 7 8 9 10 11 12 2 3; 水2:5 1,水2:4 6 7 8 9 10 11 12 2 3; 水3:5 1,火1:9 2; 水1:10; 木1:3; 金1:6 7 8; 火2:4; 金2:5; 金4:12; 木5:10; 金5:11,火1:9 2; 水1:10; 木1:3; 金1:6 7 8; 火2:4; 金2:5; 金4:12; 木5:10; 金5:11,,,,,,
豊里（栗町）大谷・大野以外,（月・木コース）：クリーンセンターＡ,月 木 日5:12,水1:4 6 7 8 9 10 11 12 2 3; 水2:5 1,水2:4 6 7 8 9 10 11 12 2 3; 水3:5 1,火1:8 12 1; 水1:9 2; 木1:10; 金1:11 3; 火2:5 6 7; 木2:4,火1:8 12 1; 水1:9 2; 木1:10; 金1:11 3; 火2:5 6 7; 木2:4,,,,,,
豊里（豊里）,（月・木コース）：クリーンセンターＡ,月 木 日5:12,水1:4 6 7 8 9 10 11 12 2 3; 水2:5 1,水2:4 6 7 8 9 10 11 12 2 3; 水3:5 1,火1:8 12 1; 水1:9 2; 木1:10; 金1:11 3; 火2:5 6 7; 木2:4,火1:8 12 1; 水1:9 2; 木1:10; 金1:11 3; 火2:5 6 7; 木2:4,,,,,,
豊里（小西）,（月・木コース）：クリーンセンターＡ,月 木 日5:12,水1:4 6 7 8 9 10 11 12 2 3; 水2:5 1,水2:4 6 7 8 9 10 11 12 2 3; 水3:5 1,火1:8 12 1; 水1:9 2; 木1:10; 金1:11 3; 火2:5 6 7; 木2:4,火1:8 12 1; 水1:9 2; 木1:10; 金1:11 3; 火2:5 6 7; 木2:4,,,,,,
豊里（石原）,（月・木コース）：クリーンセンターＡ,月 木 日5:12,水1:4 6 7 8 9 10 11 12 2 3; 水2:5 1,水2:4 6 7 8 9 10 11 12 2 3; 水3:5 1,火1:8 12 1; 水1:9 2; 木1:10; 金1:11 3; 火2:5 6 7; 木2:4,火1:8 12 1; 水1:9 2; 木1:10; 金1:11 3; 火2:5 6 7; 木2:4,,,,,,
豊里（小貝）,（月・木コース）：クリーンセンターＡ,月 木 日5:12,水1:4 6 7 8 9 10 11 12 2 3; 水2:5 1,水2:4 6 7 8 9 10 11 12 2 3; 水3:5 1,火1:8 12 1; 水1:9 2; 木1:10; 金1:11 3; 火2:5 6 7; 木2:4,火1:8 12 1; 水1:9 2; 木1:10; 金1:11 3; 火2:5 6 7; 木2:4,,,,,,
豊里（湯殿）,（月・木コース）：クリーンセンターＡ,月 木 日5:12,水1:4 6 7 8 9 10 11 12 2 3; 水2:5 1,水2:4 6 7 8 9 10 11 12 2 3; 水3:5 1,火1:8 12 1; 水1:9 2; 木1:10; 金1:11 3; 火2:5 6 7; 木2:4,火1:8 12 1; 水1:9 2; 木1:10; 金1:11 3; 火2:5 6 7; 木2:4,,,,,,
豊里（私市東）,（月・木コース）：クリーンセンターＡ,月 木 日5:12,水1:4 6 7 8 9 10 11 12 2 3; 水2:5 1,水2:4 6 7 8 9 10 11 12 2 3; 水3:5 1,火1:8 12 1; 水1:9 2; 木1:10; 金1:11 3; 火2:5 6 7; 木2:4,火1:8 12 1; 水1:9 2; 木1:10; 金1:11 3; 火2:5 6 7; 木2:4,,,,,,
豊里（私市）,（月・木コース）：クリーンセンターＡ,月 木 日5:12,水1:4 6 7 8 9 10 11 12 2 3; 水2:5 1,水2:4 6 7 8 9 10 11 12 2 3; 水3:5 1,火1:8 12 1; 水1:9 2; 木1:10; 金1:11 3; 火2:5 6 7; 木2:4,火1:8 12 1; 水1:9 2; 木1:10; 金1:11 3; 火2:5 6 7; 木2:4,,,,,,
豊里（舘）,（月・木コース）：クリーンセンターＡ,月 木 日5:12,水1:4 6 7 8 9 10 11 12 2 3; 水2:5 1,水2:4 6 7 8 9 10 11 12 2 3; 水3:5 1,水1:8 11 12; 木1:9 2; 金1:10; 火2:3; 水2:1; 木2:6 7; 金2:4; 木3:5,水1:8 11 12; 木1:9 2; 金1:10; 火2:3; 水2:1; 木2:6 7; 金2:4; 木3:5,,,,,,
豊里（今田）,（月・木コース）：クリーンセンターＡ,月 木 日5:12,水1:4 6 7 8 9 10 11 12 2 3; 水2:5 1,水2:4 6 7 8 9 10 11 12 2 3; 水3:5 1,水1:8 11 12; 木1:9 2; 金1:10; 火2:3; 水2:1; 木2:6 7; 金2:4; 木3:5,水1:8 11 12; 木1:9 2; 金1:10; 火2:3; 水2:1; 木2:6 7; 金2:4; 木3:5,,,,,,
豊里（高谷）,（月・木コース）：クリーンセンターＡ,月 木 日5:12,水1:4 6 7 8 9 10 11 12 2 3; 水2:5 1,水2:4 6 7 8 9 10 11 12 2 3; 水3:5 1,水1:8 11 12; 木1:9 2; 金1:10; 火2:3; 水2:1; 木2:6 7; 金2:4; 木3:5,水1:8 11 12; 木1:9 2; 金1:10; 火2:3; 水2:1; 木2:6 7; 金2:4; 木3:5,,,,,,
豊里（岡倉）,（月・木コース）：クリーンセンターＡ,月 木 日5:12,水1:4 6 7 8 9 10 11 12 2 3; 水2:5 1,水2:4 6 7 8 9 10 11 12 2 3; 水3:5 1,金1:12; 火2:9; 木2:10 2; 金2:8 11 1 3; 火3:5 6 7; 水3:4,金1:12; 火2:9; 木2:10 2; 金2:8 11 1 3; 火3:5 6 7; 水3:4,,,,,,
豊里（大畠）,（月・木コース）：クリーンセンターＡ,月 木 日5:12,水1:4 6 7 8 9 10 11 12 2 3; 水2:5 1,水2:4 6 7 8 9 10 11 12 2 3; 水3:5 1,金1:12; 火2:9; 木2:10 2; 金2:8 11 1 3; 火3:5 6 7; 水3:4,金1:12; 火2:9; 木2:10 2; 金2:8 11 1 3; 火3:5 6 7; 水3:4,,,,,,
豊里（鍛冶屋）,（月・木コース）：クリーンセンターＡ,月 木 日5:12,水1:4 6 7 8 9 10 11 12 2 3; 水2:5 1,水2:4 6 7 8 9 10 11 12 2 3; 水3:5 1,金1:12; 火2:9; 木2:10 2; 金2:8 11 1 3; 火3:5 6 7; 水3:4,金1:12; 火2:9; 木2:10 2; 金2:8 11 1 3; 火3:5 6 7; 水3:4,,,,,,
豊里（小畑）,（月・木コース）：クリーンセンターＡ,月 木 日5:12,水1:4 6 7 8 9 10 11 12 2 3; 水2:5 1,水2:4 6 7 8 9 10 11 12 2 3; 水3:5 1,金1:12; 火2:9; 木2:10 2; 金2:8 11 1 3; 火3:5 6 7; 水3:4,金1:12; 火2:9; 木2:10 2; 金2:8 11 1 3; 火3:5 6 7; 水3:4,,,,,,
豊里（大谷）,（月・木コース）：クリーンセンターＡ,月 木 日5:12,水1:4 6 7 8 9 10 11 12 2 3; 水2:5 1,水2:4 6 7 8 9 10 11 12 2 3; 水3:5 1,金1:12; 火2:9; 木2:10 2; 金2:8 11 1 3; 火3:5 6 7; 水3:4,金1:12; 火2:9; 木2:10 2; 金2:8 11 1 3; 火3:5 6 7; 水3:4,,,,,,
豊里（大野）,（月・木コース）：クリーンセンターＡ,月 木 日5:12,水1:4 6 7 8 9 10 11 12 2 3; 水2:5 1,水2:4 6 7 8 9 10 11 12 2 3; 水3:5 1,金1:12; 火2:9; 木2:10 2; 金2:8 11 1 3; 火3:5 6 7; 水3:4,金1:12; 火2:9; 木2:10 2; 金2:8 11 1 3; 火3:5 6 7; 水3:4,,,,,,
物部（上市）,（月・木コース）：クリーンセンターＡ,月 木 日5:12,水1:4 6 7 8 9 10 11 12 2 3; 水2:5 1,水2:4 6 7 8 9 10 11 12 2 3; 水3:5 1,水1:8 11 12; 木1:9 2; 金1:10; 火2:3; 水2:1; 木2:6 7; 金2:4; 木3:5,水1:8 11 12; 木1:9 2; 金1:10; 火2:3; 水2:1; 木2:6 7; 金2:4; 木3:5,,,,,,
物部（岸田）,（月・木コース）：クリーンセンターＡ,月 木 日5:12,水1:4 6 7 8 9 10 11 12 2 3; 水2:5 1,水2:4 6 7 8 9 10 11 12 2 3; 水3:5 1,水1:8 11 12; 木1:9 2; 金1:10; 火2:3; 水2:1; 木2:6 7; 金2:4; 木3:5,水1:8 11 12; 木1:9 2; 金1:10; 火2:3; 水2:1; 木2:6 7; 金2:4; 木3:5,,,,,,
物部（西坂町）,（月・木コース）：クリーンセンターＡ,月 木 日5:12,水1:4 6 7 8 9 10 11 12 2 3; 水2:5 1,水2:4 6 7 8 9 10 11 12 2 3; 水3:5 1,水1:8 11 12; 木1:9 2; 金1:10; 火2:3; 水2:1; 木2:6 7; 金2:4; 木3:5,水1:8 11 12; 木1:9 2; 金1:10; 火2:3; 水2:1; 木2:6 7; 金2:4; 木3:5,,,,,,
物部（白道路）,（月・木コース）：クリーンセンターＡ,月 木 日5:12,水1:4 6 7 8 9 10 11 12 2 3; 水2:5 1,水2:4 6 7 8 9 10 11 12 2 3; 水3:5 1,水1:8 11 12; 木1:9 2; 金1:10; 火2:3; 水2:1; 木2:6 7; 金2:4; 木3:5,水1:8 11 12; 木1:9 2; 金1:10; 火2:3; 水2:1; 木2:6 7; 金2:4; 木3:5,,,,,,
物部（下市）,（月・木コース）：クリーンセンターＡ,月 木 日5:12,水1:4 6 7 8 9 10 11 12 2 3; 水2:5 1,水2:4 6 7 8 9 10 11 12 2 3; 水3:5 1,金1:12; 火2:9; 木2:10 2; 金2:8 11 1 3; 火3:5 6 7; 水3:4,金1:12; 火2:9; 木2:10 2; 金2:8 11 1 3; 火3:5 6 7; 水3:4,,,,,,
物部（須波伎）,（月・木コース）：クリーンセンターＡ,月 木 日5:12,水1:4 6 7 8 9 10 11 12 2 3; 水2:5 1,水2:4 6 7 8 9 10 11 12 2 3; 水3:5 1,金1:12; 火2:9; 木2:10 2; 金2:8 11 1 3; 火3:5 6 7; 水3:4,金1:12; 火2:9; 木2:10 2; 金2:8 11 1 3; 火3:5 6 7; 水3:4,,,,,,
物部（新庄）,（月・木コース）：クリーンセンターＡ,月 木 日5:12,水1:4 6 7 8 9 10 11 12 2 3; 水2:5 1,水2:4 6 7 8 9 10 11 12 2 3; 水3:5 1,金1:12; 火2:9; 木2:10 2; 金2:8 11 1 3; 火3:5 6 7; 水3:4,金1:12; 火2:9; 木2:10 2; 金2:8 11 1 3; 火3:5 6 7; 水3:4,,,,,,
志賀郷地区,（月・木コース）：クリーンセンターＡ,月 木 日5:12,水1:4 6 7 8 9 10 11 12 2 3; 水2:5 1,水2:4 6 7 8 9 10 11 12 2 3; 水3:5 1,木1:11 12; 金1:9 2; 火2:10; 木2:8 1 3; 金2:6 7; 火3:4; 金3:5,木1:11 12; 金1:9 2; 火2:10; 木2:8 1 3; 金2:6 7; 火3:4; 金3:5,,,,,,
